measures_1,measures_2,measures_3,measures_4,measures_5,measures_6,measures_7,components_1,components_2,components_3,components_4,components_5,components_6,components_7,components_8,components_9,components_10,components_11,solution_1,solution_2,solution_3,solution_4,solution_5,solution_6,solution_7,solution_8,solution_9,solution_10,solution_11,fitness,solution_difference_1,solution_difference_2,solution_difference_3,solution_difference_4,solution_difference_5,solution_difference_6,solution_difference_7
301.40146757426504,295.82350819720006,288.9183191600901,287.94251434530906,166.03465177622786,134.23564220906337,141.84552630427757,30.962610214105077,-3.08200379249029,-3.526490539700372,-3.8534715297162165,-0.8107402436386623,0.02064025240052284,3.4222606015133037,-1.2670372804058583,-0.49722293465549594,0.5606815071212966,385.78527991909505,1.2685167336702179,1.1055089140350587,-2.6661725297937178,1.1773286712930728,2.631565683884494,-2.7494410882859794,-0.13980702130981415,-2.2311283435886464,0.27889995646722987,0.19112878173277004,-1.1534805773375825,-0.0002910099773277435,7.013795037476086,1.6694134688227678,3.1294976653918525,2.0923457867323236,2.8767254497794283,2.7636758091687454,3.385042904935176
